question,answer
根据导引系统的工作是否与外界发生联系可以分为 ( ) )两种。A自主制导B寻的制导C非自主制导,AC
"在非自主制导中, 如果从空间运动体获取制导信息, 可分为哪两种 ( )。A 遥控制导 B 寻的制导 C 地图匹配制导",AB
"根据能量来源位置不同, 寻的制导系统分为哪几类 ( ) ）。 A半主动式B主动式C被动式",ABC
导弹的制导系统主要包括（） ）。A动力系统B导引系统C控制系统D毁伤系统,BC
根据导引系统的工作是否与外界发生联系可以分为 ( ) ）。A自主制导B寻的制导C非自主制导,AC
自主制导主要可以分为哪两类? ( ) ）A遥控制导B方案制导C惯性制导,BC
"在非自主制导中, 如果从空间运动体获取制导信息, 可分为哪两种? ( ) A 遥控制导 B 寻的制导 C 地图匹配制导",AB
"根据能量来源位置不同, 寻的制导系统分为哪几类? ( ) ）A主动式B半主动式C被动式",ABC
下列坐标系属于动坐标系的有 ( ) ）。 A 地面坐标系 B 弹体坐标系 C 弹道坐标系 D 速度坐标系,BCD
影响固体火箭发动机推力的因素包括 ( ) ）。A燃气质量流率B燃气相对弹体的喷出速度C发动机喷口处的截面积D发动机喷口处的燃气流压强,ABCD
"对于大气层内飞行, 采用传统气动力控制方式的导弹, 作用在导弹上的力包括 ( ) ）。 A 发动机推力B气动力C 重力D 脉冲发动力直接侧向力",ABC
"在气动布局和外形参数给定的情况下, 影响俯仰力矩的因素包括 ( ) ）。A马赫数B飞行高度C攻角D俯仰舵偏角",ABCD
"下列关于静稳定性的说法正确的有( ) ）。A重心位于焦点之前,导弹是静稳定的B重心移动到与焦点重合时,导弹是静中立稳定的C重心移动到焦点之后,导弹是静不稳定的D静稳定度可以用焦点与压心的无量纲坐标的差值来表征",ABC
下列关于铰链力矩的说法正确的有 ( ) (2)。A 铰链力矩是空气动力相对舵面转轴的力矩 B 铰链力矩大小影响舵机所需要的功率 C 铰链力矩大小与舵面的类型和形状无关 D 铰链力矩大小与马赫数、气流角、舵偏角有关,ABD
刚体瞬时姿态的三个自由度是指 ( ) ）。 A 俯仰角B 偏航角C 滚转角D 侧滑角,ABC
"在应用牛顿第二定律和动量矩定理建立导弹运动模型时, 通常采用的研究 # 方法包括（ )。A 引入固化原理 B 忽略弹性变形 C 忽略气动弹性 D 长短周期分离法",ABC
建立角度关系方程可以采用 ( ) ）。A方向余弦法B四元数法C球面三角法D坐标变换法,ABCD
"对于采用气动控制的导弹, 操作机构包括 ( ) ）。A升降舵B方向舵C副翼D推力调节装置",ABCD
"下列关于纵向运动与侧向运动的说法正确的有 ( ) ）。A 纵向运动和侧向运动是相互影响的 B 纵向运动可以独立存在 C 在侧向运动中,所有纵向运动参数均为零 D 侧向运动的求解需要已知纵向运动参数",ABD
导弹质心运动的假设条件有 ( ) ) 。 A 导弹绕弹体轴的转动是无惯性 B 控制系统理想工作 C 忽略随机干扰对法 向力的影响D固化原理,ABC
下列关于过载的说法正确的有 ( ) )。A 过载是作用在导弹上的控制力与重力的比值 B 过载是矢量 C 过载的方向与控制力的方向一致 D 过载的大小表示相对重力的倍数,ABCD
"在气动布局和外形参数给定的情况下, 影响偏航力矩的因素包括 ( ) ）。A马赫数B飞行高度C侧滑角D方位舵偏角",ABCD
刚体瞬时姿态的三个自由度是指（） ）。A俯仰角B偏航角C滚转角D侧滑角,ABC
提高导弹静稳定性的方法有 ( ) )。A 改变弹翼外形B 改变弹翼面积C 调整重心位置D 改进控制方法,ABC
"下列关于瞬时平衡假设, 正确的有 ( ) ）。A假设转动惯量等于零B忽略操纵机构偏转后导弹绕弹体轴旋转的过渡过程C假设控制系统理想工作D忽略控制系统工作的过渡过程和操纵机构偏转的过渡过程",ABCD
下列关于过载的说法正确的有 ( ) ）。A 过载是作用在导弹上的控制力与重力的比值 B 过载是标量 C 过载的方向与控制力的方向一致 D 过载的大小表示相对质量的倍数,AC
以下属于追踪法特点的是 ( ) A 绕后攻击 B 弹道弯曲 C 应用广泛,AB
以下可以看作比例导引法特殊形式的是 ( ) ）A追踪法B平行接近法C三点法,AB
比例导引法的命中点过载与下列 ( ) )因素相关。 A 目标机动 B 导弹速度 C 目标速度 D 目标机动,ABCD
"采用比例导引法拦截目标时, 比例系数 $K$ 要考虑以下 ( ) (2)等因素。A 视线角速率收敛限制 B 可用过载限制 C 制导系统要求",ABC
"采用三点法引导时, 考虑到命中点过载, 弹道目标容易受到以下 ( ) 因素的影响。A 目标速度变化 B 目标机动 C 导弹速度",ABC
三点法的弹道特点是 ( ) ）。A弹道比较弯曲B动态误差难以补偿C弹道下沉现象,ABC
以下属于追踪法特点的是 ( ) )。 A 绕后攻击 B 弹道弯曲 C 应用广泛,AB
以下可以看作比例导引法特殊形式的是 ( ) ）。A追踪法B三点法C平行接近法,AC
比例导引法的命中点过载与 ( ) )等因素相关。 A 目标机动 B 导弹速度 C 目标速度 D 目标机动,ABCD
"采用三点法引导时, 考虑到命中点过载, 弹道目标容易受到以下 ( ) (2) 因素的影响。A 目标速度变化 B 目标机动 C 导弹速度",ABC
以下属于无线电指令制导的任务的是 ( ) ）。A搜索与选择目标B观测和跟踪目标C控制发射和观测导弹D引导导弹飞向目标 E发射一次指令,ABCD
无线电指令制导系统分为 ( ) )三种形式。A雷达跟踪指令制导系统BTVM指令制导系统C电视跟踪指令制导系统D红外寻的制导系统,ABC
以下属于无线电指令制导的任务的是 ( ) ）。A搜索与选择目标B观测和跟踪目标C控制发射和观测导弹D引导导弹飞向目标E发射一次指令,ABCD
下面关于红外线的说法正确的有 ( ) ）。A 红外线的波长比可见光长 B 红外线在大气中的传输衰减比可见光大 C 红外线具有明显的热效应 D 红外线可以以光速直线传播,ACD
传统喷气式飞机的红外辐射主要来自于 ( ) ）。A 尾喷口排出的高温燃气 B 发动机微喷管的加热部分 C 飞机机体蒙皮 D 流过机体表面的气流,ABC
红外像点在像平面上的位置用（） )描述。A斜距B高低角C方位角D失调量,CD
"调制盘的种类繁多, 按调制方式可以分为 ( ) ）。A调幅式B调频式C调相式D调宽式",ABCD
"对于全辐条式调制盘, 当像点面积不变, 位置向调制盘中心移动时, 会出现 ( )。A 调制信号波峰值减小 B 调制信号波谷值增大 C 调制深度减小 D 失调量增大",ABC
下面关于红外线的说法正确的有 ( ) )。A 红外线的波长比可见光短 B 红外线在大气中的传输衰减比可见光小 C 红外线具有明显的热效应 D 红外线可以以光速直线传播,BCD
传统喷气式飞机的红外辐射主要来自于 ( ) )。 A 尾喷口排出的高温燃气 B 发动机微喷管的加热部分 C 飞机机体蒙皮 D 流过机体表面的气流,ABC
红外像点在像平面上的位置用( ) )描述。A斜距B高低角C方位角D失调量,CD
"调制盘的种类繁多, 按调制方式可以分为 ( ) ）。A 调幅式B 调频式C 调相式D 调宽式",ABCD
"按发展历程和工作原理, 可将陀螺仪划分为哪些阶段。( ) ）A机械框架陀螺仪B光学陀螺仪C微机电陀螺仪D力学陀螺仪",ABC
平台式惯性导航系统主要由（） )组成。A物理平台B加速度计C陀螺仪D解算系统,ABCD
"平台式惯导系统分为解析式惯导系统和当地水平式惯导系统, 其中当地水平式惯导系统又可分为 ( ) ）A指北方位惯导系统B游移方位惯导系统C自由方位惯导系统D随机方位惯导系统",ABC
"平台式惯性导航系统的主要特点有 ( ) A 便于安装, 且能够隔离外界环境对平台内部元器件的影响 B 测量出来的导航信息就是相对于导航坐标轴的分量, 计算量相对较小 C 维修性变好 D 体积、质量、成本较小",AB
用于描述载体姿态的导航信息有 ( ) ）A航向角B高度角C滚转角D俯仰角,ACD
按发展历程和工作原理可将陀螺仪划分为 ( ) )阶段。A 机械框架陀螺仪 B 光学陀螺仪 C 微机电陀螺仪 D 力学陀螺仪,ABC
"平台式惯导系统分为解析式惯导系统和当地水平式惯导系统, 其中当地水平式惯导系统又可分为 ( ) ）。A指北方位惯导系统B游移方位惯导系统C自由方位惯导系统D随机方位惯导系统",ABC
"平台式惯性导航系统的主要特点有 ( ) ）。A 便于安装,且能够隔离外界环境对平台内部元器件的影响 B 测量出来的导航信息就是相对于导航坐标轴的分量,计算量相对较小 C 维修性变好 D 体积、质量、成本较小",AB
描述载体姿态的角度分别是（） ）。A航向角B高度角C滚转角D俯仰角,ACD
弹体系与速度系之间的坐标转换矩阵由以下欧拉角确定  A 滚动角 B 攻角 C 侧滑角 D  倾侧角,BC
弹体升力等于弹身、弹翼、尾翼和空气舵各自的升力之和阻力包括  A摩擦阻力B压差阻力C诱导阻力,ABC
弹身在飞行过程中，要承受  A 轴向力  B 剪力  C 弯矩  D  扭矩,ABCD
弹头小量钝度化，可以A减弱鼻尖应力集中B减小鼻尖气动加热C  减小阻力  D增加升力,AB
细长圆锥体弹身的法向力系数与下列因素有关  A攻角B侧滑角C圆柱体部分的长细比D马赫数,AC
采用STT机动，必要条件为  A攻角为零B弹体周对称C滚动角为零D侧滑角为零,BC
采用BTT机动，必要条件是  A攻角为零B弹体面对称C使用吸气式喷气发动机D侧滑角为零E倾侧角为零,BCD
气动数据六分量表定量表征了弹体气动外形设计与布局的  A气动效率  B操纵效率  C静稳定性  D操纵耦合特性  E弹体自然频率  F俯仰力矩随攻角改变的线性度,ABCDEF
气动数据六分量表是  A总体部门评价外形方案的依据  B弹道计算与仿真的依据  C姿态控制设计的依据  D发动机推力计算的依据,ABC
弹体的耦合包括A气动耦合B操纵耦合C惯性交叉耦合D欧拉运动学耦合,ABCD
选择相对量总体参数进行设计的好处有  A一些飞行性能本身与相对量有关，如理想速度与推进剂质量比有关B相对量为百分数，较容易直观估计C相对量属间接法，参数设计精度高D不需要迭代,AB
导弹方案设计中基本的相对量总体参数有  A推进剂质量比B起飞推重比  C截面载荷系数或翼载系数  D升阻比,ABC
巡航导弹发动机的推力选择与下列因素有关  A巡航速度B巡航高度C外形阻力系数和参考面积D探测器精度,ABC
导弹的制导系统主要包括( )。 A. 导引系统  B. 控制系统  C. 毁伤系统,AB
空气动力沿速度坐标系可以分解为( )。 A. 升力  B. 轴向力  C. 侧向力  D. 阻力,ACD
提高导弹静稳定性的方法有( )。 A. 改变弹翼外形  B. 改变弹翼面积  C. 调整重心位置  D. 改进控制方法,ABC
"对于在大气层内飞行的导弹,运动建模的理论基础是( )。 A. 牛顿第一定律  B. 动量矩定理  C. 牛顿第二定律  D. 能量守恒定律",BC
表征无控导弹飞行的运动方程组包括( )。 A. 6个动力学方程  B. 6个运动学方程  C. 1个质量变化方程  D. 3个角度关系方程,ABCD
"下列关于瞬时平衡假设,正确的有( )。 A. 假设转动惯量等于零  B. 忽略操纵机构偏转后导弹绕弹体轴旋转的过渡过程  C. 假设控制系统理想工作  D. 忽略控制系统工作的过渡过程和操纵机构偏转的过渡过程",ABCD
比例导引法的命中点过载与( )等因素相关。 A. 目标机动  B. 导弹速度  C. 目标速度  D. 目标机动,ABCD
按发展历程和工作原理可将陀螺仪划分为哪些阶段。( ) A. 机械框架陀螺仪  B. 光学陀螺仪  C. 微机电陀螺仪  D. 力学陀螺仪,ABC
利用陀螺仪的( )可以实现对载体姿态的测量。 A. 章动性  B. 定轴性  C. 表观进动性  D. 进动性,BD
平台式惯性导航系统主要由( )组成。 A. 物理平台  B. 加速度计  C. 陀螺仪  D. 解算系统,ABCD
"平台式惯性导航系统的主要特点有( )。 A. 便于安装,且能够隔离外界环境对平台内部元器件的影响  B. 测量出来的导航信息就是相对于导航坐标轴的分量,计算量相对较小  C. 维修性变好  D. 体积、质量、成本较小",AB
描述载体姿态的角度分别是( )。 A. 航向角  B. 高度角  C. 滚转角  D. 俯仰角,ACD
导弹制导系统的测量装置可测量以下哪些参数？（  ） A. 导弹的位置  B. 导弹的速度  C. 目标的位置  D. 目标的速度,ABCD
导弹按发射点与目标位置可分为（  ） A. 地对地导弹  B. 地对空导弹  C. 空对空导弹  D. 空对地导弹,ABCD
导弹动力装置的类型有（  ） A. 火箭发动机  B. 空气喷气发动机  C. 组合发动机  D. 太阳能发动机,ABC
导弹战斗部的装药类型包括（  ） A. 炸药  B. 核弹头  C. 化学战剂  D. 生物战剂,ABCD
导弹制导方式包括（  ） A. 自主式制导  B. 寻的制导  C. 遥控制导  D. 复合制导,ABCD
影响导弹射程的因素有（  ） A. 动力装置性能  B. 导弹重量  C. 飞行高度  D. 气象条件,ABCD
导弹弹体的作用有（  ） A. 安装各分系统  B. 承受载荷  C. 保证飞行稳定性  D. 提供升力,ABC
导弹发射方式有（  ） A. 陆基发射  B. 海基发射  C. 空基发射  D. 天基发射,ABCD
导弹按飞行弹道可分为（  ） A. 弹道导弹  B. 巡航导弹  C. 高超声速导弹  D. 滑翔导弹,AB
导弹的控制系统包括（  ） A. 姿态控制系统  B. 弹道控制系统  C. 发射控制系统  D. 安全自毁系统,ABC
"导弹由多个分系统组成,下面 属于导弹的分系统。 A. 战斗部系统 B. 电器与控制系统 C. 推进系统 D. 结构系统",ABCD
弹体结构中的机构一般主要有 等几类。 A. 展开机构 B. 操纵机构 C. 分离机构 D. 折叠机构,BCD
以下各项属于导弹结构系统研制初样阶段工作的是 A. 结构布局设计 B. 结构强度校核 C. 鉴定试验 D. 飞行试验,ABC
"以下外力中,属于质量力的有 A. 空气动力 B. 重力 C. 惯性力 D. 推力",BC
"在确定结构分析模型时,需要满足的基本原则包括 A. 应正确反映结构的实际特性 B. 应与分析目的相适应 C. 应与计算工具相适应 D. 应与计算方法相适应",ABCD
导弹结构动特性分析是为了得到 A. 固有频率 B. 结构阻尼 C. 振型 D. 动应力,AC
弹翼的功用包括 A. 产生升力 B. 产生推力 C. 产生控制力和力矩 D. 使导弹具有必要的操纵性和稳定性,ACD
以下弹翼属于骨架蒙皮式弹翼的有 A. 多梁式弹翼 B. 内撑梁式弹翼 C. 单块式弹翼 D. 实心壁板式弹翼,ABC
"单梁式弹翼的载荷传递给弹身接头时,主要转化为 A. 轴力 B. 剪力 C. 弯矩 D. 扭矩",BC
以下属于弹翼结构设计要求的是 A. 刚度要求 B. 外形准确度要求 C. 容积要求 D. 气动加热要求,ABD
桁条式结构弹身的蒙皮承受的载荷包括 A. 轴力 B. 剪力 C. 弯矩 D. 扭矩,ABCD
"套接作为舱段间的一种连接方式,其主要优点有 A. 工艺简单 B. 构造简单 C. 重量较轻 D. 偏差易于控制",BCD
"轴向盘式连接作为舱段间的一种连接方式,其主要优点有 A. 钻孔容易 B. 弯折偏差小 C. 重量较轻 D. 易提高刚度",ABD
"材料的力学性能参数中,表征材料强度的量是 A. 弹性模量 B. 泊松比 C. 屈服极限 D. 强度极限",CD
气动力是气流对导弹的反作用力,T
气动力是复杂的分布力系，与导弹的速度、气流与弹体的相对方位、高度等多因素有关,T
压心是根据力系简化原理，作用在导弹上的分布力系与一个合力作用等效的作用点。,T
压心与焦点不是一回事，焦点是仅因非零攻角引起的那部分升力的合力作用点。,T
风洞测量的气动系数是在弹体系中得到的，若要求速度系中的气动力，需要乘以对应的坐标系转换矩阵,T
在气动布局和外形尺寸给定下，弹体升力只与攻角和升降舵偏角有关。,F
横向稳定性是指短暂外界扰动力矩使弹体绕纵轴oX1倾斜之后，能自动恢复到平衡状态的能力。,T
民航飞机存在使机翼上翘的上反角以及后掠角，目的是增强横向稳定性。,T
静稳定与否仅与弹体的外形布局和质量分布有关！,T
若弹体静稳定，俯仰力矩系数对攻角的偏导数大于零！,F
只要弹体是静稳定的，就一定能提供恢复力矩！,T
凡是无控飞行器如火箭弹、再入弹头都必须是静稳定的！,T
影响弹体偏航力矩的主要因素是侧滑角、方向舵偏角及其偏导数,T
航向静稳定性也只与外形布局有关！,T
铰链力矩是空气舵上的气动力对舵轴的力矩，与舵机的输出力矩无关！,T
舵机输出力矩至少应大于铰链力矩，选择舵机时一般为其2倍。,T
惯性导航是一种基本的自主导航方式，取决于惯性器件如加速度计测量弹体质心的加速度、惯性姿态陀螺测量姿态或角速率的精度，与外界无关！,T
捷联导航的另一主要误差源是初始对准误差。,T
卫星导航定位可以清除惯性导航因器件陀螺漂移带来的累计误差，因此可不必安装惯性导航装置。,F
舵机的输出力矩若越大，频宽就越窄，响应越慢。,T
若弹翼设计使得前缘处在马赫线的后面，此时马赫角小于前缘角，称为亚声速前缘，不存在波阻。,T
地空导弹弹翼面积取决于所需的机动过载，亚声速巡航导弹弹翼面积取决于所需升阻比。,T
弹翼尺寸的确定基于设计的弹翼面积与事先选择的几何参数如展弦比、根稍比和后掠角。,T
在外形布局选定后，空气舵的设计取决于所需的操纵效率即操稳比和舵的铰链力矩。,T
一般亚声速飞行器的弹翼具有较大的展弦比，超音速飞行器具有较小的展弦比小于2,T
导弹最大升阻比与升力线斜率的平方根成正比，与零升阻力系数的平方根成反比。,T
翼的斜掠可有效减小超音速飞行时的波阻。,T
弹体总的法向力系数近似为弹身、弹翼、尾翼的法向力系数之和。,T
导弹的静稳定度不仅与外形设计有关，还与质量分布有关，也随飞行时间改变。,T
在导弹设计中，通常最后是设计尾翼的面积来满足静稳定裕度要求的。,T
“X”字形布局和“+”字形布局的静稳定裕度相等。,F
虽然导弹的弹体动力学为非线性，工程试验表明分段线性化可以运用经典的线性化理论研究与设计导弹的控制稳定性。,T
无控弹体的起飞速度越低，重力对飞行稳定性的不利影响越严重。,T
无控弹体必须静稳定才可能动稳定。,T
探空火箭因为是无控的，外形设计不仅要静稳定，而且必须有足够的恢复力矩抵抗切变风等的扰动力矩。,T
弹体扰动运动的稳定性可以只考虑3阶的短周期扰动运动。,T
操稳比与工作点（例如当前配平攻角和舵偏角）有关，也与该工作点处的力矩系数斜率（如俯仰力矩系数对攻角的偏导数、操纵力矩系数对舵偏角的偏导数）有关。,T
操稳比是配平攻角的增量与舵偏角的增量之比，需依据气动系数表和力矩系数增量平衡方程计算。,T
线性度分许就是在给定的工作点处，给出某一项力矩与对应自变量的函数曲线，分析线性比例度。,T
由于横向尺寸小，为节省空间和减轻重量，导弹通常没有专门的副翼。,T
每一个舵的偏转都会对弹体的三个轴产生相应的控制力矩。,T
从3等效舵偏角到4个实践的舵偏角的分配矩阵不唯一。,T
静不稳定弹体的飞行稳定性必须有负反馈控制，构成人工阻尼。,T
气动数据六分量表定量反应了外形设计与部位安排共同导致的气动特性。,T
静不稳定弹体的操纵比静稳定弹体的操纵相对要难一些，而且对舵机的输出力矩和频宽也要求高一些。,T
部位安排时，通常导引头布置在弹身最前端的头罩内，之后是战斗部、仪器舱（含导航与电子仪器设备），最后是发动机。,T
弹身头部形状及长细比，弹弹身圆柱段的长度、直径、弹翼、尾翼的形状和面积及其安装位置，不仅影响升阻比、机动过载，还影响稳定性。,T
部位安排除保证各部件功能有机结合之外，还要考虑弹体的质量布局尽可能满足弹体坐标轴为中心惯量主轴、惯量张量为对角阵。,T
总体设计选择发动机方案时总是优先选择现有的成熟技术，或者仅需小量改造。,T
火箭发动机和吸气式喷气发动机的主要区别在于前者携带氧化剂，而后者不但不带反要吸入空气。,T
涡喷发动机的涡轮起动后，是靠燃烧室中的燃气推动工作循环的。,T
冲压发动机没有压气机、涡轮等转子部件，靠进气道冲压实现增压。,T
冲压发动机不能直接起动，需要助推器加速至马赫数2.5左右,T
典型战术导弹发动机（如反坦克、地空导弹）常分为助推级或续航级两级，或者单室双推力。助推级推力大，时间短；而续航级推力小，但工作时间比前者长。,T
弹道导弹与其它战术导弹相比，所采用的固体火箭发动机的直径大，推力大，工作时间长。,T
固体火箭发动机的燃烧时间一般不超过70秒。,T
固体火箭发动机的内弹道是指根据装药燃烧所决定的燃烧室压力、推力随时间的变化关系，即压力或推力- 时间曲线。,T
中远程弹道导弹的发动机如美国的民兵2-，民兵-3具有推力矢量机构，才能操纵飞行姿态。,T
远程导弹的固体发动机壳体采用纤维缠绕壳体，而战术导弹发动机一般采用低成本的高强度金属或合金材料。,T
调整星形装药的参数就可以调整内弹道的推力曲线,T
星形装药与其它药形比较，推力较大，参数可调，常被弹道导弹和一些战术导弹的助推级使用。,T
决定导弹战术飞行性能如射程、速度或过载等的主要参数，称为总体参数。,T
质量方程中的推进剂质量系数不是依据经验，而是要根据飞行性能约束如关键速度或射程计算得到。,T
导出型质量方程具有统计上的意义，因为发动机结构质量系数、弹体结构质量系数要依据经验或统计数据估计。,T
推重比是随助推时间改变的，但总体参数设计关心的是起飞推重比或平均推重比！,T
巡航导弹翼载系数是按最大升阻比原则设计的，而地空导弹是按最大需要过载原则设计的。,T
翼载系数参数中的面积S，可以是弹翼的面积或弹身的横截面积，本质上是数值计算气动系数时所对应的参考面积！选择翼载系数，目的是为得到提供所需升力大小对应的参考面积。,T
对于弹道导弹，如果事先根据型谱选定了发动机直径，那么起飞截面载荷系数中的参考面积S就是确定了的弹身横截面积，不需再选择起飞截面载荷系数反算弹身横截面积。,T
直接法中，结构质量和装药质量均要尽可能准确表示成发动机参数如直径、长度、喉部直径或燃烧室压力、喷管扩张面积比、装药参数等的函数，内弹道推力也是这些参数的函数，具有内在因果关系。,T
弹道导弹作战过程的第一步就是针对给定的目标和设定的发射点，设计标准飞行弹道，理论上使导弹沿着标准弹道飞行。,T
在方案设计阶段，弹道设计为结构与防热子系统提供气动载荷、惯性载荷、温度载荷等输入参数，为制导与控制子系统设计提供所需的弹道参数。,T
主动段设立常值姿态角瞄准段是为了保证关机前的姿态稳定精度。,T
弹道设计包括瞄准方位角的计算和俯仰飞行程序角的计算，俯仰程序角又假设为系列参数表达的函数、最终为寻找满足弹着点和其它约束条件的参数解。,T
求解导弹最佳飞行程序问题其实是求泛函极值问题，泛函的自变量是俯仰程序角虽时间的变化函数。,T
平行重力场中真空段的最优飞行程序解虽是一个复杂的反正切函数式，工程设计中，为简化起见可以用俯仰角随时间的线性函数近似。,T
全程控制的助推滑翔对地精确打击导弹，为加速收敛，主动段、滑翔段弹道参数设计时，对末段再入可嵌入带落角约束的最优再入比例导引方法以便满足落点和落角约束，进行弹道与制导方法的一体化设计。,T
摄动制导要有一条事先设计好的基准标称弹道，且偏差干扰是小量才有较好的制导控制效果,T
摄动制导方法的实质是在标称弹道上的各点处，对引起弹道改变的偏差变量进行泰勒展开，取一阶线性项，进行偏差反馈控制的。,T
速度增益是满足飞行弹道落点的需要速度矢量与当前速度矢量之差,T
速度增益制导常用于大气层外弹道导弹末级关机控制。,T
导弹姿态控制器设计不需要考虑舵机环节的动力学传递函数,F
导弹是强烈的非线性时变系统，姿态控制设计是在一系列特征点处对动力学进行小扰动泰勒级数展开，取一阶项进行线性化，这样就可沿用经典的线性系统控制方法如基于传递函数的控制器设计方法获得该点的线性控制器，不同的工作  点只要进行控制参数的增益调度。,T
弹道式飞行的姿态控制输入指令是对与标准弹道对应的程序角进行制导校正得到的姿态角指令。,T
经典的时域PID控制器或者频域超前滞后校正环节，是基本的姿态控制器结构，考虑到舵机动力学的阶数和延迟影响，控制器的传递函数可能高于二阶。,T
积分环节的功能是消除常值干扰，但噪声处理不好容易导致饱和溢出而不稳定。,T
控制器设计事先要计算工作点处扰动的偏导数，得到线性化动力学系数，给出从等效舵偏角到姿态角或攻角等输出的传递函数模型，才能基于自动控制原理理论设计校正器。,T
亚音速飞行器，若采用扁平升力体，升阻比大于轴对称体,T
描述导弹气动外形设计效率的指标不是升阻比，而是静稳定性。,F
战术导弹弹体设计因弹径小使得气动舵的滚动控制效率低。,T
材料和结构的强度指的是材料和结构在载荷、温度等工作环境下抵抗破坏和保持正常工作的能力。,T
有限元法是结构分析中常用的一种精确求解方法。,F
导弹结构动特性分析结果可以作为结构与其他系统的干扰耦合分析的依据。,T
振型阻尼比在共振区对减小动响应峰值有显著作用，在非共振区没有作用。,F
变形发散是指在结构变形与空气动力交互作用下，结构变形的周期性单调发散现象。,F
操纵面不属于弹翼。,F
在弹翼设计过程中，除满足飞行器结构设计的基本要求，还需满足外形准确度、刚度、气动加热等特殊要求。,T
梁式蜂窝夹层结构弹翼的蜂窝夹心一般沿弦向排列。,F
传力分析时既要考虑主要受力元件上力的总体传递，又要考虑次要受力元件以及次要受力部位。,F
耳片式接头的主接头能传递弹翼的全部弯矩和绝大部分剪力，但不传递弹翼扭矩。,F
在梁式弹身结构中，梁是承受轴向力和弯矩的主要受力元件。,T
普通框的截面面积主要按工艺刚度要求确定。,T
加强框主要承受大的分布载荷。,F
为了提高弹身结构设计水平，设计计算必须在主要受力元件布局确定之前进行。,F
弹身各元件的剩余强度系数η必须大于1，且η越大说明结构设计越合理。,F
弹身的扭转偏差会引起头部的附加攻角。,F
制锁机构的作用是在导弹操作面偏转后可靠地锁定操纵机构。,F
传速比变换机构用途是根据飞行参数调整操纵面的偏转角，以适应导弹稳定性和操纵性要求，并限制过大的横向载荷。,T
舵面的布置形式也是操纵机构的一个设计初始条件。,T
在所有操纵机构设计中，都有传动关系、刚度、活动游隙、运动独立性等四方面的设计要求。,F
温度升高时，金属材料的强度一般会提高。,F
钢的强度和刚度比铝合金要高很多，弹身壳体常选用钢。,F
材料的疲劳极限代表了材料的抗疲劳性能，一般小于材料的静强度极限。,T
应力强度因子代表了含裂纹材料抵抗断裂破坏的能力。,F
镁合金的缺点是屈服强度和弹性模量低，耐腐蚀性能差。,T
钛合金突出的优点是强度虽然比合金钢小很多，但比强度比合金钢高。,F
纤维增强复合材料的主要优点是各个方向均具有较高的比强度和比刚度。,F
纤维增强复合材料的抗疲劳性能和减振性能均较差。,F
导弹结构分离面的选择与材料的选择均属于导弹结构设计的内容。 (),T
导弹结构的工作环境属于其设计的原始条件。 (),T
导弹体坐标系的原点在其压心处。 (),F
"导弹采用吊车运转时,垂直于地面向上提升产生的加速度为 $9.8\mathrm{m / s}^{2}$ ,这时导弹的横向过载系数 $n_{\mathrm{yl}}$ 约为1。 ()",F
"在确定导弹的设计情况时,需对所有可能的弹道都进行计算。 ()",F
结构的强度用材料的力学性能(如比例极限、强度极限、断裂韧性等)表示。 (),F
"用传递矩阵法求导弹固有频率时,所求得频率的最高阶数等于节点个数。 ()",F
"弹体结构固有频率应与控制系统频率接近,以便于导弹的控制。 ()",F
"操纵反逆是指由于结构变形与空气动力交互作用引起操纵面效能降低,以致丧失甚至反逆的现象。 ()",T
按翼弦等百分线布置的翼梁比垂直于弹身轴线布置的翼梁的加工工艺性好。 (),T
导弹的传力分析是一种定量的分析。 (),F
传力路线是外载荷由作用处经过结构内部传给支座的路线。 (),T
弹身上的部分受力式口盖只参加受剪而不参加承受轴向力。 (),T
"相邻舱段结合面的弯折偏差会造成发动机的推力偏心,但错移偏差不会。()",F
操纵机构的传动关系一般是线性的。(),F
操纵机构的结构通常按刚度指标进行设计。(),T
操纵机构的运动独立性要求是针对差动舵面提出的特殊要求。(),T
单层的纤维增强复合材料各个方向的力学性能都比金属材料的好。(),F
"根据导引指令形成部位不同,遥控制导分为遥控指令制导和波束制导。",T
弹体坐标系和地面坐标系之间的变换矩阵可以通过两次旋转求得。,F
俯仰力矩、偏航力矩和滚转力矩是空气动力相对于导弹质心的力矩。,T
"根据右手定则判断,使导弹向左产生偏航运动的力矩是正的偏航力矩。",T
"为保证导弹沿预定的弹道飞行,导弹的需用过载应当大于可用过载。",F
"采用平行接近法导引时,导弹的需用法向过载大于目标的法向过载。",F
追踪法导引是指导弹的弹头方向指向目标的一种方法。,F
比例导引法具有弹道前弯后直、命中过载易受影响、工程应用广泛等特点。,T
追踪法和三点法都是比例导引法的特殊形式。,F
"采用三点法导引时,导弹位于目标和制导站的连线上。",T
三点法的弹道特点是弹道比较平直、动态误差难以补偿、弹道有下沉现象。,F
"无线电寻的制导是利用装在导弹上的设备接收目标辐射或反射的无线电波,实现对目标的跟踪并形成制导指令,引导导弹飞向目标的一种制导方法。",T
采用主动式无线电寻的制导系统的导弹通常也称为反辐射导弹。,F
"雷达导引头接收系统中的射频放大器也称前置微波组件,将接收到的回波信号进行直接放大,并减小本身噪声,其作用主要是提高接收机的灵敏度。",T
"雷达导引头信息处理系统的首要任务是从复杂受干扰信号中检测目标信号,并实时提取弹目相对位置与相对运动参数,获得制导信息。",T
"预定回路是一个典型的速度控制系统,从结构组成上它是由两个结构基本相同又互相独立的方位和俯仰回路组成。",F
"导引头角跟踪回路的功用是使雷达导引头回波天线在角度上自动跟踪目标,使导引头能连续地接收到目标的回波信号。",T
物体红外辐射能量的波长与其温度成正比。,F
"由于大气的选择性吸收,导致红外辐射的能量集中在某些特定长度的波段附近。",T
"像点位置反映目标偏离光轴的角度大小和方位,目标与像点之间存在一一对应关系。",T
"在调制盘设计过程中,利用等透过率原则可以消除大面积背景辐射对目标信号提取的影响。",T
"定轴性和进动性是陀螺仪的固有属性,无论陀螺仪是否工作,都有此性质。",F
常用的光学陀螺仪包括激光陀螺仪和光纤陀螺仪。,T
一般通过三次转动可以使空间任意两个坐标系重合，每次转动可以的到一个姿态变换矩阵，将这三个姿态变换矩阵依次右乘就得到了总的姿态变换矩阵。,F
"采用复合制导的目的是为了增大制导系统的作用距离,克服单一制导方法的缺点,发挥各种制导方法的优点,提高抗干扰性能和制导系统的制导准确度。",T
"在形成允许截获标志之后,控制算法根据中制导段计算的导弹目标运动参数,给出目标相对导弹的距离、速度和加速度信息,导引头根据目标粗略方位角进行搜索。",F
"从技术角度出发,多模复合方案遵循的原则是各模式的工作频率在电磁频谱上相距越近越好。",F
"导弹是一种空间运动体,除了质心运动和绕质心转动六种状态之外,弹体还有弹性振动、带有液体推进剂时的液体晃动、推力矢量控制情况下的发动机喷管摆动等,弹体最终的动态性能是这些运动的复合。",T
"将导弹运动微分方程用小扰动法写出后,方程中这些微小增量的二次以上高阶项可以忽略,这样就使以扰动量为基本运动参量的运动微分方程变为常系数微分方程。",F
"从保持和改变导弹姿态这一点来说,导弹的稳定和控制是矛盾的;而从保证导弹沿基准弹道飞行这一点来说,它们又是一致的。",T
"舵回路中包含测速发电机和位置传感器,其中,测速发电机测得舵面偏转角速度,反馈给放大器,以实现一定的控制信号对应一定的舵偏角。",F
通常作用在导弹上的力可表示为重力、发动机推力和空气动力的合力。,T
"在直角坐标控制系统中,导弹的控制力是由两个互相垂直的分量组成,制导设备中的导引系统测出沿两个坐标轴的偏差形成两路控制信号,一路是俯仰方向的信号,一路是滚转方向的信号。",F
"空气舵的时间常数比直接力横向喷流装置要大,因此采用气动力控制可以取得比直接力控制更高的控制精度。",F
推力矢量控制系统的性能可以从喷流偏转角度、侧向力系数、轴向推力损失、驱动力等四个方面进行描述。,T
导弹的制导系统只能在飞行初始阶段发挥作用。（  ）,F
所有导弹都必须有战斗部。（  ）,T
火箭发动机是导弹唯一的动力装置类型。（  ）,F
导弹按射程分类是绝对固定的，不会因技术发展等因素改变。（  ）,F
寻的制导导弹一定能准确命中目标。（  ）,F
导弹弹体外形设计对飞行性能没有影响。（  ）,F
陆基发射的导弹生存能力都比海基发射的导弹弱。（  ）,F
导弹的战斗部装药越多，爆炸威力就越大。（  ）,F
制导系统中的测量装置获取的数据越精确，导弹制导精度就一定越高。（  ）,F
所有导弹都需要发射平台。（  ）,T
"从地面坐标系到弹道坐标系的变换矩阵为两次旋转对应的基元旋转矩阵的乘积, 相乘的顺序与坐标轴旋转顺序相同, 就是后得到的基元旋转矩阵右乘先得到的基元旋转矩阵。",F
"对于洲际战略导弹, 在建立导弹运动数学模型时, 可以将地面坐标系当做惯性坐标系。",F
"在实际飞行过程中, 随着制导控制系统精度的提高, 误差会逐渐减小, 最终保持为零, 所以理想控制关系方程是实际存在的。",F
"地面坐标系和速度坐标系的坐标轴既不共线, 也不共面, 所以它们之间的相对位置需要用三个参数来确定。",F
俯仰力矩、偏航力矩和滚转力矩是空气动力相对于导弹质心的力矩。 正确答案: 第16题 判断题 （1分）对于垂直发射地空导弹的垂直上升段，可以基于四元数法建立导弹的姿态运动学模型。 正确答案: 第17题 判断题 （1分）角度关系方程的形式不是唯一的。 正确答案: 第18题 判断题 （1分）为保证导弹沿预定的弹道飞行，导弹的需用过载应当大于可用过载。,F
求解得到导弹质心运动方程组得到的运动状态实际上都是运动参数的瞬时值。,F
有效发射区是指理想弹道所要求的法向加速度值大于导弹可用法向加速度值。,F
"采用三点法引导的导弹, 对攻击高空目标较为有利。( ) #",F
追踪法导引是指导弹的弹头方向指向目标的一种方法。,F
三点法中的等法向加速度曲线是导弹和目标的加速度相等的曲线。( ),F
有效发射区是指理想弹道所要求的法向加速度值大于导弹可用法向加速度值。( ),F
"采用三点法引导的导弹, 对攻击高速目标较为有利。( )",F
比例导引法具有弹道前弯后直、命中过载易受影响、工程应用广泛等特点。,T
寻的制导系统的制导指令通常仅需要考虑理想弹道要求的参数与导引头观测的导弹运动参数的误差。,F
主动式雷达导引头有一部直波接收机。( ) #,F
雷达导引头中的逻辑控制和管理器主要完成制导信息的处理。( ) #,F
雷达导引头中的指令形成装置所产生的指令送给了天线伺服机构。( ),F
寻的制导系统的制导指令通常仅需要考虑理想弹道要求的参数与导引头观测的导弹运动参数的误差。( ),F
"预定回路是一个典型的速度控制系统, 从结构组成上它是由两个结构基本相同又互相独立的方位和俯仰回路组成。",F
"当导引头对准目标时, 目标像点位于调制盘中心盲区, 此时无有效信号输出。",T
"对于大面积的背景辐射, 需要在整个周期内保持调制盘的透过率为恒定值, 也就是等面积原则。",F
"探测器通常由光敏电阻制成, 既能敏感像点能量大小, 又能敏感像点位置变化。",F
"定轴性和进动性是陀螺仪的固有属性, 无论陀螺仪转子是否高速转动, 都有此性质。",F
"一般通过三次转动可以使空间任意两个坐标系重合, 每次转动可以的到一个姿态变换矩阵, 将这三个姿态变换矩阵依次右乘就得到了总的姿态变换矩阵。",F
平台式惯性导航系统是将敏感器件直接固联在载体上的一种惯性导航方式。,F
"在形成允许截获标志之后, 控制算法根据中制导段计算的导弹目标运动参数, 给出目标相对导弹的距离、速度和加速度信息, 导引头根据目标粗略方位角进行搜索。",F
"从技术角度出发, 多模复合方案遵循的原则是各模式的工作频率在电磁频谱上相距越近越好。",F
"稳定回路的主要功能是稳定导弹在空间的质心运动, 稳定导弹的动态特性 和静态特性。",F
"将导弹运动微分方程用小扰动法写出后, 方程中这些微小增量的二次以上高阶项可以忽略, 这样就使以扰动量为基本运动参量的运动微分方程变为常系数微分方程。",F
"空气舵的时间常数比直接力横向喷流装置要大, 因此采用气动力控制可以取得比直接力控制更高的控制精度。",F
尾翼为  A升力部件B稳定部件C  控制部件,B
气动力规范表达式中的参考面积、参考长度  A参考面积只能为导弹截面积，参考长度可任选  B参考面积可任选，参考长度只能为导弹长度C参考面积只能为截面积，参考长度只能为导弹长度D均可任选,D
弹体正侧滑角，对应的侧力为  A正B负C不确定,B
升降舵上偏转，对应的俯仰操纵力矩为  A正B负  C不确定,A
弹体正攻角，对应的升力为  A正B负C不确定,A
二自由度陀螺测量导弹的姿态角，利用了陀螺的特性A  定向性  B 进动性  C 稳定性  D 陀螺力矩,A
远程弹道导弹上的陀螺稳定平台上加速度计测量值，是相对  A发射系  B 弹体系  C 惯性系  D 地心系,C
利用天文导航确定导弹的经纬度至少需要________颗恒星的星历信息，  以确定相应的星球高度角。  A 1 B 2 C 3 D 4,B
对于一些小直径导弹，舵机输出轴可与空气舵铰链轴连接，这类舵机为A液压舵机B气动舵机C电动舵机,C
中远程弹道导弹的弹身结构为  A 硬壳式 B 半硬壳式  C  整体壁板式,B
亚声速巡航导弹的弹翼结构通常为  A 骨架蒙皮式弹翼 B 整体壁板式 C    蜂窝夹层式,A
骨架蒙皮式蝉翼的主要受力构件为  A 纵墙  B 翼梁  C  桁条  D翼肋,B
弹体外形气动效率的评价指标为  A高升力  B低阻力  C高升阻比,C
平面“一”字形布局适合  A弹道导弹B地空导弹C空空导弹D亚音速巡航导弹,D
弹道导弹、地空导弹，反舰导弹采用  A正常式布局B平面一字型布局C鸭式布局D无尾式布局,A
“X”形布局比“+”字形布局的操纵效率  A高B低  C 不确定,A
弹身直径是一个重要的设计参数，考虑的因素有A阻力B战斗部直径C导引头探测距离和分辨率D发动机直径限制E发射装置约束F导弹结构刚度,A
为兼顾头部的气动阻力和电磁特性两因素，超音速导弹头罩的长细比范围大致为  A 1~2  B 2~3  C  3~4  D 4~5,B
大气层外反导反卫的头罩长细比理论最优值为  A 0.5 B 1 C 2 D 3,A
头罩误差斜率的影响体现在测量  A 导弹俯仰角速率 B 目标视线角 C 导弹弹道倾角 D 导弹弹道偏角,B
高超音速飞行器，当动压为250KPa时，升力体弹身与圆柱体弹身的升阻比相比  A 升力体远大于圆柱体 B 升力体接近圆柱体  C升力体远小于圆柱体,B
圆柱体弹身的压心位于鼻锥长度的 _______ 处。  A 43% B 53% C 63% D 73%,C
机动性的度量指标为  A极限攻角  B 过载 C 飞行速度 D 升力,B
要使正常式布局静稳定弹体的攻角由零变为-5度（低头），则升降舵必须  A向上偏转直到配平攻角B向下偏转直到配平攻角C先向下，再向上偏转直到配平攻角D先向上，再向下偏转直到配平攻角,B
正常式布局的静不稳定弹体，舵的有效攻角  A小于弹体攻角B大于弹体攻角C等于弹体攻角,B
BTT机动时，为减小气动耦合，协调指令为  A攻角为零B侧滑角为零C倾侧角为零D方向舵偏角为零,B
为保证主通道控制的稳定性和精度，要求该通道所受到的耦合和干扰力矩最大为可用操纵力矩的  A 10% B 20% C 40% D 50%,B
导弹的控制坐标系通常为A舵的安装坐标系B弹体坐标系C速度坐标系D发射惯性系,B
等效舵偏角的计算是依据  A操纵力矩等效原则B操纵力等效原则C攻角等效原则D侧滑角等效原则,A
"假设弹体结构振动固有频率为WB，伺服机构驱动器固有频率为WA，姿态控制系统频率为WC，制导系统频率为WG，部位安排，它们之间不能重叠，要错开，而且大小排列约束为 
 A WA>WB>WC>WG 
B WB>WA>WC>WG 
C WC>WB>WG>WA 
D WB>WC>WA>WG",B
发动机部门需要从总体部门获得的主要输入参数是 ，其它为参考约束。  A 总冲和平均推力 B 发动机质量 C 发动机长度 D 发动机直径,A
发动机比冲最小的是  A固体火箭发动机B火箭冲压发动机C涡轮喷气发动机D涡轮涡扇喷气发动机,A
加速性能最好的是A固体火箭发动机B火箭冲压发动机C涡喷发动机D涡扇发动机,A
远程弹道导弹采用的推进剂一般为  A双基推进剂DBB改性双基推进剂CMDC复合推进剂CPD黑火药,C
端羟基聚丁二烯推进剂属于  A双基推进剂DBB改性双基推进剂CMDC复合推进剂CP  D 黑火药,C
双基推进剂多被火箭弹等批量战术导弹采用，比冲大致为  A 220s~240s B 240s~260s C 260s~280s D 280s~300s,A
发动机内壁隔热性能最好的药形为  A 端面燃烧装药  B内外燃装药C星形装药,C
弹道导弹的起飞推重比或平均推重比，太小则加速性能不好，太大则发动机的结构质量偏大，较为合理的初始估值可为  A1~2 B3~5 C8~10 D11~13,B
弹道导弹弹道设计为满足落点经纬度的等式约束，常用的有效数值处理方法是  A单纯形法B复合形法C网格法D牛顿法,D
导弹做BTT机动时，理论上  A导弹侧滑角为零B导弹俯仰角为零C导弹偏航角为零D导弹滚动角为零,A
导弹的基本组成部分不包括以下哪项？（  ） A. 战斗部  B. 动力装置  C. 机翼  D. 制导系统,C
以下哪种制导方式精度最高？（  ） A. 惯性制导  B. 寻的制导  C. 遥控制导  D. 复合制导,B
导弹按射程分类，中程导弹射程一般为（  ） A. 1000 - 3000 千米  B. 3000 - 8000 千米  C. 8000 - 10000 千米  D. 10000 千米以上,A
导弹的动力装置主要是为了提供（  ） A. 飞行姿态调整  B. 升力  C. 推进力  D. 稳定力矩,C
下列哪种导弹属于防空导弹？（  ） A. 东风 - 17  B. 红旗 - 9  C. 长剑 - 10  D. 鹰击 - 8,B
导弹制导系统的核心是（  ） A. 测量装置  B. 计算装置  C. 导引装置  D. 控制装置,C
导弹的战斗部按作用原理可分为（  ） A. 常规战斗部和核战斗部  B. 爆破战斗部和杀伤战斗部  C. 聚能战斗部和破片战斗部  D. 化学战斗部和生物战斗部,C
导弹发射方式中，陆基发射井发射的优点不包括（  ） A. 生存能力强  B. 反应速度快  C. 便于维护  D. 可搭载大型导弹,B
导弹飞行过程中，能实时修正飞行轨迹的是（  ） A. 初制导  B. 中制导  C. 末制导  D. 全程制导,B
以下哪种导弹可用于对陆攻击？（  ） A. 鱼叉导弹  B. 战斧导弹  C. 响尾蛇导弹  D. 海红旗 - 7,B
弹道倾角和弹道偏角表征了弹道坐标系和( )之间的位置关系。 A. 地面坐标系  B. 执行坐标系  C. 弹道坐标系  D. 速度坐标系,A
"在研究质心动力学问题时,将矢量方程投影到( )最方便。 A. 地面坐标系  B. 弹体坐标系  C. 弹道坐标系  D. 速度坐标系",C
质心运动学方程表征的是( )的关系。 A. 导弹姿态角与角速度  B. 导弹姿态角与导弹位置  C. 导弹姿态角与导弹速度  D. 导弹位置与导弹速度,D
"对于面对称导弹,为了降低控制系统的复杂度,通常保持( )通道稳定。 A. 俯仰  B. 偏航  C. 滚转  D. 高低",B
过载矢量沿弹体坐标系纵轴的投影叫做( )。 A. 切向过载  B. 法向过载  C. 纵向过载  D. 横向过载,C
平行接近法是指( )在空间保持平行移动的一种制导方法。 A. 导弹速度指向  B. 弹目连线  C. 目标速度方向,B
比例导引法是指导弹飞行过程中速度矢量的转动角速度与( )成比例的一种导引方法。 A. 弹目连线角  B. 弹轴速度转动角速度  C. 视线的转动角速度,C
比例导引法中比例系数选择一般的区间范围是( )。 A. 3到6  B. 1到无穷大  C. 5到8,A
"攻击禁区是指( )的区域,在此区域内导弹无法沿要求的导引弹道飞行。 A. 需用法向过载超过极限过载  B. 可用法向过载超过需用法向过载  C. 需用法向过载超过可用法向过载",C
"TVM制导系统中,对目标的辐射信号来源是( )。 A. 导弹导引头  B. 地面控制站",B
"在( )寻的制导中,制导站起到选择目标、发射导弹的作用,还起到提供照射目标能源的作用。 A. 被动式  B. 半主动式  C. 主动式",B
"( )的主要作用是调节接收机的动态范围,以保证对回波信号进行有效的放大。 A. 自动增益控制电路  B. 变频器  C. 检波器",A
"在调制盘设计过程中,采用径向变幅调制是为了测量目标像点的( )。 A. 失调量  B. 方位角  C. 辐射能量  D. 辐射波长",A
"在调制盘设计过程中,设置起始标志是为了测量目标像点的( )。 A. 失调量  B. 方位角  C. 辐射能量  D. 辐射波长",B
微机电陀螺仪测角原理是( )。 A. 牛顿力学定律  B. 萨格奈克效应  C. 哥式效应  D. 多普勒效应,C
下面哪一项不属于多模复合寻的制导系统的主要优点。( ) A. 提高制导系统的抗干扰能力  B. 提高寻的制导的精度  C. 提高制导系统性价比,C
"代表弹体( )参数的弹体质量、转动惯量、质心位置等,在导弹飞行过程中会随着推进剂的消耗不断发生变化。 A. 结构特征  B. 空气动力",A
"( )是采用伺服机构去转动主升力面的一种控制方法,是一种低效率的方法,因它是用小的力臂去产生一个大的法向力。 A. 尾控制面  B. 前控制面  C. 旋转弹翼",C
导弹具有较高制导精度的是因为其具有 ( ) ）。A动力系统B引战系统C制导系统D弹体系统,C
导弹的控制系统也称为( ) ）。A稳定回路B制导回路C探测回路,A
导弹的控制系统也称为 ( ) ）。A稳定回路B制导回路C探测回路,A
复合制导可分为串联复合、并联复合、( ) )三种类型。A 导引头复合 B 串并联复合 C 模式复合,B
"导弹的升力可以看成是弹簧、弹身、尾翼和舵面等部件产生的升力之和, 其中 ( ) )是产生升力的主要部件。 A 弹翼 B 弹身 C 尾翼 D 舱面",A
"对于轴对称导弹, 惯性张量矩阵只有主对角线上的元素不为零, 其他元素均为零。 正确答案: 第2题 单选题 （1分）在研究质心动力学问题时，将矢量方程投影到（ ）最方便。A地面坐标系B弹体坐标系C弹道坐标系D速度坐标系",C
"在研究绕质心转动的动力学问题时, 将矢量方程投影到 ( ) )最方便。A 地面坐标系B 弹体坐标系C 弹道坐标系D 速度坐标系",B
绕质心转动的运动学方程表征的是 ( ) )的关系。A 导弹姿态角与角速度B 导弹姿态角与导弹位置C 导弹姿态角与导弹速度D 导弹位置与导弹速度,A
"四个坐标系之间的位置关系用 8 个角度来表征, 这 8 个角度中有 ( ) ）个是独立的。A5B6C7D8",A
"对于轴对称导弹, 为了降低控制系统的复杂度, 通常保持 ( ) )通道稳定。 A 俯仰B 偏航C 滚转D 高低",C
导弹按给定的弹道飞行时所需要的法向过载叫做 ( ) ）。A可用过载B需用过载C极限过载D合成过载,B
下列坐标系属于固定坐标系的有 ( ) ）。A地面坐标系B弹体坐标系C弹道坐标系D速度坐标系,A
速度滚转角表征了弹道坐标系和 ( )之间的位置关系。A地面坐标系B执行坐标系C弹道坐标系D速度坐标系,D
"导弹的升力可以看成是弹簧、弹身、尾翼和舵面等部件产生的升力之和, 其 中（ )是产生升力的主要部件。A 弹翼 B 弹身 C 尾翼 D 舱面",A
"在研究质心动力学问题时, 将矢量方程投影到 ( ) )最方便。A 地面坐标系B 弹体坐标系C 弹道坐标系D 速度坐标系",C
过载矢量沿速度坐标系纵轴的投影叫做 ( ) ）。A切向过载B法向过载C纵向过载D横向过载,A
"采用追踪法引导时, 考虑到命中点过载, 导弹能够命中目标, 弹目速度比应该满足条件是 ( ) 1)。AP大于等于1且P小于2BP大于等于2且P小于3CP大于等于0.5。",A
"平行接近法指的是导弹在攻击目标的过程中, ( ) )在空间保持平行移动的一种方法。A 弹目连线 B 导弹速度矢量 C 导弹弹体",A
"采用平行接近法引导时, 导弹的需用法向过载 ( ) ）目标的机动过载。A 大于 B 等于 C 小于",C
以下属于平行接近法特点的是 ( ) ）。 A 弹道平直 B 弹道弯曲 C 工程易实现,A
比例导引法是指导弹飞行过程中导弹速度转动角速度与 ( ) )成比例的一种导引方法。A 视线角 B 视线角速度 C 目标角速度,B
"采用比例导引法拦截目标时, 其弹道特点是 ( ) ）。A前弯后直B前直后弯",A
"采用比例导引法拦截时, 对比例系数 $\mathrm{K}$ 要求是 ( ) A B C",A
三点法是指导弹在攻击目标过程中始终位于 ( ) )的连线上。 A 制导站和目标 B 坐标原点和目标 C 导弹和目标,A
"采用三点法尾追拦截目标时, 导弹的过载变化是 ( )。A 由大变小 B 由小变大",A
"三点法攻击禁区是指, ( ) ), 导弹无法沿要求的导引弹道飞行, 因而不能命中目标。A 需用法向过载将超过可用法向过载 B 可用法向过载将超过需用法向过载 C 可用法向过载等于需用法向过载",A
"从攻击禁区角度考虑, 设计三点法引导的导弹时, 其可用过载应尽可能 ( )。A 小 B 大",A
"采用追踪法引导时, 考虑到命中点过载, 导弹能够命中目标, 其弹目速度比满足条件是 ( )。A P 大于等于 1 且 P 小于 2 B P 大于等于 2 且 P 小于 3 C P 大于等于 0.5 且 P 小于 2",A
比例导引法是指导弹飞行过程中速度矢量的转动角速度与 ( )成比例的一种导引方法。 A 弹目连线角 B 弹轴速度转动角速度 C 视线的转 动角速度,C
"采用三点法尾追拦截目标时, 导弹的过载变化是 ( ) ）。A由大变小B由小变大",A
"采用无线电指令制导时, 其控制导弹的指令是由 ( ) )产生。A导弹B控制站",B
"采用无线电指令制导时, 其控制导弹的指令是由 ( ) )产生。 A 导弹 B 控制站",B
"TVM 制导系统中, 对目标的辐射信号来源是 ( ) )。A导弹导引头B地面控制站",B
"无线电寻的制导的导弹在制导过程中, 观测和跟踪目标、形成控制指令以及操纵导弹飞行, 都是由 ( ) )完成的。A弹上设备B制导雷达C指挥控制系统",A
雷达导引头接收系统将天线接收到的微弱回波信号加以放大并变换成 ( )，送给其他设备。A 高频信号 B 中频信号 C 视频信号,C
无线电寻的制导系统信号处理的基本任务是检测目标信号、提取制导信息和 ( ) ）。 A 控制导引头天线 B 形成控制指令 C 控制导弹飞行,B
"雷达导引头所需要的制导信息主要有弹目相对速度、距离和弹目视线转动角速度, 这些信息包含在 ( ) ）之中。A制导雷达的照射信号B导引头发射的信号C导引头接收的回波信号",C
雷达导引头伺服控制系统由 ( ) (2)和指令形成电路等组成。A 舱回路、稳定回路、制导回路 B 预定回路、稳定回路、角跟踪回路,B
"导引头都有一个实现回波天线指向角预先装定的回路, 这个回路称之为 ( )。A 预定回路 B 制导回路 C 搜索跟踪回路",A
"无线电寻的制导的导弹在制导过程中, 观测和跟踪目标、形成控制指令以及操纵导弹飞行, 都是由 ( ) ）完成的。A弹上设备B制导雷达C指挥控制系统",A
"雷达导引头接收系统将天线接收到的微弱回波信号放大并变换成 ( ) ), 送给其他设备。A 高频信号 B 中频信号 C 视频信号",C
"雷达导引头所需要的制导信息主要有弹目相对速度、距离和弹目视线转动角速度, 这些信息包含在 ( ) (2) 之中。A 制导雷达的照射信号 B 导引头发射的信号 C 导引头接收的回波信号",C
雷达导引头中完成导引头逻辑信号管理的装置是 ( ) ）。A惯性测量装置B指令形成装置C逻辑控制和管理器D接收机,C
"实现红外信号调制的方法是在 ( ) (1)前面加入一个调制器, 通过旋转实现对像点的调制。A 主反射镜 B 次反射镜 C 反探测器 D 调制盘",C
"当背景干扰形成的像点面积较小时, 可以通过采用 ( ) (1) 调制盘提高空间滤波能力。A 全辐条式 B 半辐条式 C 半透明式 D 棋盘格式",D
"当像点开始向调制盘边缘移动时, 失调量 ( )。A 增大 B 减小 C 不变",A
"在调制盘设计过程中, 设置起始标志是为了测量目标像点的 ( ) ）。A失调量B方位角C辐射能量D辐射波长",B
"当背景干扰形成的像点面积较小时, 可以通过采用 ( ) )调制盘提高空间滤波能力。A 全辐条式 B 半辐条式 C 半透明式 D 棋盘格式",D
中末制导的导引头交班包括 ( )。A 距离交班、角度交班和角速度交班 B 距离交班、角度交班和速度交班 C 距离交班、速度交班和加速度交班,B
中末制导弹道交接班的一阶平滑过渡是指在交接处保证两弹道的 ( )方向一致。A 速度 B 加速度 C 角度,A
中末制导交接班的任务主要是完成 ( ) ）交接班和（ (2) 交接班。A 导引头、弹道 B 制导雷达、导引头 C 导弹、目标,A
"共用孔径法是指参与复合的各传感器 ( ) ), 形成共用孔径。A 分别使用各自的孔径 B 探测孔径合成统一体",B
多模复合制导是指由多种模式的 ( ) )参与制导，共同完成导弹的寻的任务。A制导雷达B控制系统C导引头,C
中末制导交接班的任务主要是完成 ( ) (2)的交接班。A 导引头、弹道B 制导雷达、导引头C 导弹、目标,A
中末制导的导引头交班包括 ( ) ）。A距离交班、角度交班和角速度交班B距离交班、角度交班和速度交班C距离交班、速度交班和加速度交班,B
中末制导弹道交接班的一阶平滑过渡是指在交接处保证两弹道的 ( ) )方向一致。A 速度 B 加速度 C 角度,A
"多模复合制导是指由多种模式的 ( ) (2) 参与制导, 共同完成导弹的寻的任务。A 制导雷达 B 控制系统 C 导引头",C
下面哪一项不属于多模复合寻的制导系统的主要优点。( ) A 提高制导系统的抗干扰能力 B 提高寻的制导的精度 C 提高制导系统性价比,C
弹体环节的运动微分方程是一组 ( ）、三维联立的微分方程组。A非线性、变系数B线性、常系数C非线性、常系数,A
"导弹稳定控制系统, 即稳定回路, 是指 ( ) (2)构成的闭合回路。A 自动驾驶仪与弹体 B 导引头与目标",A
自动驾驶仪的功能是 ( ) )导弹的飞行。A 引导和控制 B 稳定和控制,B
"以气动力控制导弹为例, 导弹稳定控制系统包括 ( ) (2)两个回路。A 舱回路和稳定回路 B 制导回路和稳定回路",A
"在舵回路中, 引入内反馈改善舵机的性能, 其中, ( ) (2)测得舵面偏转角速度, 反馈给放大器, 以增大舵回路的阻尼, 改善舵回路的动态性能。A 位置传感器 B 测速发电机",B
"导弹的一对舵面由舵机操作反向偏转时, 使导弹 ( ) ），则这对舵面起副翼作用，叫副翼舵。A俯仰运动B偏航运动C绕纵轴滚动",C
"在极坐标控制系统中, 误差信号是以极坐标的形式送给弹上控制系统, 通常的方法是把相位信号作为 ( ) )指令，使弹体从垂直面起滚动一个相位角，然后用导弹的俯仰舵操纵导弹做与幅值信号相对应的机动。A滚转B偏航C俯仰",A
"横向喷流装置的前后配置方式是将两套横向喷流装置分别安放在导弹的头部和尾部, 可以实现 ( ) ）。 A 力操纵 B 力矩操纵 C 力操纵和力矩操纵",C
弹体环节的运动微分方程是一组 ( 1)、三维联立的微分方程组。A 非线性、变系数 B 线性、常系数 C 非线性、常系数,A
"以气动力控制导弹为例, 导弹稳定控制系统包括 ( ) )两个回路。A 舱回路和稳定回路 B 制导回路和稳定回路",A
"横向喷流装置的前后配置方式是将两套横向喷流装置分别安放在导弹的头部和尾部, 可以实现 ( ) ）。A力操纵B力矩操纵C力操纵和力矩操纵",C
导弹由多个分系统组成，不属于导弹的分系统？ A. 战斗部系统  B. 着陆系统  C. 推进系统  D. 结构系统,B
弹体结构的重量一般占导弹起飞重量的百分之多少？ A. 6%~10%  B. 10%~15%  C. 16%~20%  D. 20%~24%,C
产生导弹飞行时所需升力的部件是哪个？ A. 弹翼  B. 操纵面  C. 稳定面  D. 舵,A
导弹研制过程中，初样阶段属于哪一阶段？ A. 设计定型阶段  B. 方案阶段  C. 工程研制阶段  D. 生产定型阶段,C
导弹结构设计工作的主要内容是在何阶段完成的？ A. 正样阶段  B. 方案阶段  C. 试样阶段  D. 初样阶段,D
在方案设计阶段，导弹结构设计的内容不包含哪项？ A. 提出结构设计方案  B. 完成结构的总体设计  C. 完成全套可供生产的工程图  D. 结构方案设计的论证与评审,C
导弹的阻力X与升力Y是其空气动力在什么坐标系中的分力？ A.体坐标系  B.速度坐标系  C.发射坐标系,B
为了便于进行结构分析，我们通常将空气动力简化到哪个坐标系？ A.体坐标系  B.速度坐标系  C.发射坐标系,A
过载系数是导弹所承受的哪种力与导弹重力之比？ A.全部力的合力  B.全部表面力的合力  C.全部质量力的合力  D.全部局部力的合力,B
导弹水平匀速飞行时，过载系数为多少？ A.0  B.-1  C.9.8  D.1,D
导弹机动飞行时，哪种舵偏转方式下最大过载系数最大？ A.舵急偏  B.舵瞬偏  C.舵平稳偏,B
阵风对导弹的哪两类过载影响较大？ A.轴向和侧向  B.轴向和法向  C.法向和侧向  D.轴向、法向和侧向,C
确定典型弹道时，按需用过载最大的观点，应选择哪种弹道？ A.最大射高、最大射距  B.最小射高、最小射距  C.最大射高、最小射距  D.最小射高、最大射距,C
沿弹道选择设计情况时，弹道上的特征点一般不包括哪项？ A.级间分离点  B.最大升力点  C.最大速度点  D.机动飞行终点,C
内力计算分站点的取法可从哪三个方面考虑？ A.计算特征点、分段长度不过长、考虑载荷分布情况  B.计算特征点、考虑载荷分布情况、采用分支梁  C.计算特征点、分段长度不过长、采用分支梁  D.考虑载荷分布情况、分段长度不过长、采用分支梁,B
以下哪类载荷属于周期力函数性质激励？ A.发动机压力脉动、液固耦合引起的纵向振动、机动飞行  B.运输振动、发动机压力脉动、液固耦合引起的纵向振动  C.贮箱液体晃动、发动机压力脉动、液固耦合引起的纵向振动  D.气动噪声、液固耦合引起的纵向振动、运输振动,B
关于载荷综合设计，哪项说法正确？ A.静力载荷与动力载荷可分开考虑  B.各种动力载荷需要相叠加  C.风激振动会减弱尾翼抖振运动  D.过大的气动载荷不会改变振动节点位置,C
在使用载荷作用下，导弹主要结构元件的应力不超过材料的哪一极限？ A.屈服极限  B.强度极限  C.持久极限  D.比例极限,D
导弹结构设计中，考虑材料疲劳与永久变形的安全系数一般怎样？ A.大于1  B.等于1  C.不小于1  D.小于1,D
导弹结构分析是指哪一项？ A.导弹结构力学特征分析和内力计算  B.导弹结构外力计算和内力计算  C.导弹结构力学特征分析和在已知载荷下的响应计算  D.导弹结构外力计算和在已知载荷下的响应计算,C
以下选项中不属于金属材料常用的强度判别准则的是哪一项？ A.最大剪应力准则  B.等效应力准则  C.最大拉应力准则  D.Hill-Hsai强度准则,D
确定导弹结构分析计算模型的基本原则不包括哪一项？ A.计算模型应正确反映结构的实际特性  B.模型应与实际结构完全一致  C.模型应与计算工具和计算方法相适应  D.模型应与分析目的相适应,B
导弹结构动态固有特性与下列哪项无关？ A.动载荷  B.质量分布  C.刚度分布  D.阻尼分布,A
建立导弹结构的集中质量离散系统模型时，发动机一般处理为何种模型？ A.集中刚度  B.分支系统  C.集中质量  D.分布质量,C
在求解导弹结构振型和频率时可以忽略阻尼的原因是？ A.导弹结构中不存在阻尼  B.导弹结构自由振动方程中不存在阻尼项  C.阻尼不影响结构动响应  D.阻尼对结构的自振频率和振型的影响不大,D
下列说法不正确的是哪一项？ A.在各种设计情况下，导弹的基本固有频率应远离动载荷的频率  B.不要让弹体固有频率落在动力不稳定区域内  C.弹体结构固有频率若与控制系统频率接近，就可能导致控制发散  D.导弹的姿态敏感装置应装在基本频率对应振型的振型斜率较大的位置,D
“气动弹性力三角形”的三个顶点分别代表什么？ A.控制力、弹性力和惯性力  B.气动力、控制力和惯性力  C.弹性力、惯性力和气动力  D.气动力、弹性力和控制力,C
以下选项中不属于气动弹性动力学问题的是哪一项？ A.操纵反逆  B.颤振  C.阵风响应  D.抖振,A
导弹的主要动力是？ A.主翼产生的升力  B.发动机推力  C.弹翼产生的空气动力  D.主翼和其他弹翼产生的控制力与力矩,B
导弹的机动飞行主要依靠哪种方式实现？ A.主翼产生的升力  B.发动机推力  C.弹翼产生的空气动力  D.主翼和其他弹翼产生的控制力与力矩,D
梁式弹翼的主要纵向受力元件是？ A.蒙皮  B.桁条  C.翼梁  D.主接头,C
普通翼肋的间距一般为多少？ A.200~250mm  B.250~300mm  C.300~350mm  D.350~400mm,B
梁式结构常用于哪种展弦比的弹翼模型？ A.大  B.小  C.中等,B
单块式弹翼的剪力与扭矩分别主要由什么传递？ A.翼梁的腹板与闭合蒙皮  B.翼梁的腹板与骨架  C.纵墙的腹板与闭合蒙皮  D.纵墙的腹板与骨架,C
夹层结构式弹翼采用夹层板作为承力元件主要为了提高哪种能力？ A.抗弯能力  B.抗扭能力  C.抗拉压能力  D.抗剪切能力,C
力的转化是指力由结构的一部分传给另一部分时，力在哪个方面发生变化？ A.形式  B.大小  C.方向  D.作用点,A
翼肋上的力主要传递给哪些结构？ A.翼梁与辅助梁  B.翼梁与蒙皮  C.蒙皮与辅助梁  D.蒙皮、翼梁与辅助梁,D
加强肋常用来主要承受哪种载荷？ A.分布力  B.分布力偶  C.集中力  D.集中力偶,C
翼梁截面形状设计时，应使其具有最大的哪项？ A.横截面积  B.惯性矩  C.静矩  D.抗弯截面系数,D
钣弯型材常被用作承受哪种应力的桁条上？ A.局部弯曲  B.正应力  C.剪应力  D.作用点,A
以下项目中，不属于弹身主要功用的是哪项？ A.产生升力  B.装载有效载荷  C.承受载荷  D.连接弹翼与发动机,A
弹身的主要内力包括哪些？ A.弯矩  B.剪力与弯矩  C.轴力与弯矩  D.轴力、剪力与弯矩,D
横向载荷在梁式结构舱段内引起的弯矩和剪力分别主要由哪些部分承担？ A.纵梁与隔框  B.桁条与蒙皮  C.纵梁与蒙皮  D.桁条与隔框,C
梁式结构舱段中，承受舱段端部纵向集中力的纵梁截面是什么形状？ A.等截面  B.前面粗后面细  C.前面细后面粗  D.两端粗中间细,B
对中小型开口一般采用何种补偿措施？ A.采用受力式口盖  B.在开口周围采用加强口框  C.不予补偿  D.增大蒙皮厚度,B
桁条式半硬壳式弹身的桁条和蒙皮的破坏形式分别是什么？ A.受拉破坏与受压失稳破坏  B.受压失稳或受拉破坏与受压失稳破坏  C.受压失稳破坏与剪切破坏  D.受压失稳或受拉破坏与剪切破坏,D
加强框在承受面内切向集中力时，蒙皮提供怎样的平衡剪流？ A.均匀  B.线性  C.按正弦规律  D.按抛物线规律,C
梁式结构舱段中，纵梁长度一般以什么为宜？ A.集中力扩散到弹身蒙皮受力均匀时  B.等于舱段长度  C.等于舱段长度一半  D.等于舱段长度三分之二,A
铆缝的密封属于哪种类型？ A.缝外密封  B.缝内密封  C.混合密封,B
游动锥形螺母连接属于哪种舱段连接形式？ A.套接  B.盘式连接  C.螺纹连接  D.外卡块式连接,A
斜向盘式连接的连接螺栓相对于弹身轴线的倾斜角一般为多少？ A.10°~20°  B.10°~15°  C.15°~25°  D.15°~20°,D
光滑配合面a是用来控制哪种偏差？ A.弯折  B.错移  C.扭转  D.弯折与错移,B
操纵机构指的是导弹控制系统中从哪到哪的一套机构传动装置？ A.舵机到弹体  B.舵机到操纵面转轴  C.弹体到操纵面转轴  D.操纵面转轴到弹体,B
操纵机构的非线性传动关系会导致什么结果？ A.大于  B.等于  C.小于  D.都可能,C
操纵机构要平衡或克服的负载力矩不包括哪项？ A.舵机力矩  B.铰链力矩  C.摩擦力矩  D.惯性力矩,A
以下关于冷气操纵系统的描述，哪项不正确？ A.冷气压力驱动  B.质量大  C.功率小  D.抗反操纵能力差,B
以下关于液压操纵系统的描述，哪项不正确？ A.体积大  B.易受温度影响  C.功率大  D.抗反操纵能力强,A
在排泄式燃气舵机操纵系统中，燃气分配主要依靠什么？ A.气缸  B.燃气发生器  C.活塞  D.配气室,D
图示操纵机构属于哪种类型？ A.同向操纵机构  B.反向操纵机构  C.复合操纵机构,A
在机构运动学仿真时可选用哪种软件？ A.NASTRAN  B.ANSYSY  C.MARC  D.ADAMS,D
机构各运动元件之间的间隙一般不小于多少？ A.0.5~1mm  B.1~2mm  C.2~3mm  D.3~4mm,C
分离机构的主要功用包括哪些？ A.连接、解锁与分离  B.解锁与分离  C.连接与分离  D.分离,A
哪种连接与分离机构同时具有连接刚度大、连接可靠、气动外形好的优点？ A.锁钩机构  B.轴向直连式机构  C.外卡环式机构  D.后环式分离机构,B
以下哪些属于横向分离机构？ A.后环式分离机构、支座式分离机构、悬挂式分离机构、卡环式分离机构  B.后环式分离机构、外卡环式机构、悬挂式分离机构、悬挂-卡环式分离机构  C.后环式分离机构、支座式分离机构、悬挂式分离机构、锁钩机构  D.后环式分离机构、支座式分离机构、悬挂式分离机构、悬挂-卡环式分离机构,D
分离机构连接计算的主要目的是使对接面满足哪些设计要求？ A.连接刚度和连接强度  B.连接紧度和连接刚度  C.连接紧度和连接强度  D.连接刚度、连接紧度和连接强度,C
材料的力学性能参数中，表征材料刚度的量是？ A.弹性模量  B.比例极限  C.屈服极限  D.强度极限,A
在何种情况下，根据比强度和比刚度选材与采用材料性能指数选材相同？ A.简单拉压  B.纯弯曲  C.扭转  D.剪切,A
在平行于裂纹前缘的剪应力作用下，裂纹属于哪种类型？ A.张开型裂纹  B.滑移型裂纹  C.撕开型裂纹,C
以下弹体常用的金属材料中，属于黑色金属的是？ A.铝合金  B.镁合金  C.钛合金  D.合金钢,D
铝合金的主要特点是？ A.比强度较高、工艺性能好、具抗腐蚀性、工作温度高  B.比强度较低、工艺性能差、具抗腐蚀性、工作温度低  C.比强度较高、工艺性能好、具抗腐蚀性、工作温度低  D.比强度较低、工艺性能差、具抗腐蚀性、工作温度高,C
导弹结构中的紧固件一般选用哪种材料？ A.铝合金  B.镁合金  C.钛合金  D.合金钢,D
碳/碳复合材料的主要优点是？ A.耐烧蚀、抗热震、耐高温、强度高、质量轻  B.耐烧蚀、抗热震、耐高温、强度高、塑性好  C.耐烧蚀、抗热震、强度高、刚度高、塑性好  D.耐烧蚀、抗热震、耐高温、强度高、刚度高,A
航天器主要在（请填写）的作用下完成轨道运动。 A.推力  B.引力  C.空气动力  D.重力,B
导弹研制的论证阶段主要是在 内组织进行的。 A.研制部门  B.设计部门  C.生产部门  D.使用部门,D
导弹结构系统研制的方案阶段工作流程为。 A.方案设计→方案分析与比较→提出方案论证报告和原理样机→方案评审  B.方案分析与比较→方案设计→提出方案论证报告和原理样机→方案评审  C.方案设计→提出方案论证报告和原理样机→方案分析与比较→方案评审  D.方案分析与比较→提出方案论证报告和原理样机→方案设计→方案评审,A
已知载荷下的结构响应不包括。 A.应力  B.临界载荷  C.应变  D.加速度,B
决定导弹全寿命周期主要费用的是。 A.概念设计与方案论证阶段  B.全面研制阶段  C.生产阶段  D.使用与保障阶段,A
"导弹放置在发射台上时,过载系数为。 A.0  B.-1  C.9.8  D.1",D
导弹载荷计算的目的是得到导弹在各种设计情况下的。 A.应力  B.外力  C.内力  D.气动力,C
导弹静载荷计算的基本步骤为①推荐最严重的设计情况;②计算导弹各部件上作用力和分布规律;③求出弹体各截面的载荷(内力);④选择载荷设计情况。 A.①→③→②→④  B.①→②→③→④  C.④→②→③→①  D.④→③→②→①,C
导弹弹道的最大推力点是。 A.飞行中纵向过载最大点  B.飞行中法向过载最大点  C.速压最大点  D.升力最大点,A
导弹的发动机噪声属于。 A.静载荷  B.瞬态载荷  C.周期载荷  D.随机载荷,D
振型叠加法主要利用了。 A.频率的有序性  B.特征值的隔离定理  C.振型的正交性  D.频率与振型的对应性,C
"实际结构中常用的翼梁截面形状中,相对抗弯截面系数最大的是。 A.工字形  B.圆环形  C.矩形  D.T字形",A
"梁式结构的弹身中,梁主要承受。 A.集中力  B.集中力偶  C.轴向分布力  D.横向分布力",A
横向载荷在梁式结构舱段内引起的弯矩和剪力分别主要由 ________ 承担。 A.纵梁和纵梁  B.纵梁和蒙皮  C.蒙皮和纵梁  D.蒙皮和蒙皮,B
用于弹身设备安装的整体式支架的主要优点是。 A.机械加工量小  B.刚度大  C.重量轻  D.强度高,B
外卡块式连接的扭矩主要靠 ________ 传递。 A.卡块  B.绑带  C.定位销  D.端框间摩擦,C
纵向分离机构的优点是。 A.连接刚度高  B.气动阻力小  C.所受载荷小  D.便于分离,B
